Bui Duc Huy	12451521	huy@gmail.com
Hoang Minh Giap	356253	giap@gmail.com
Nguyen Quang Linh	513141	linh@gmail.com
Nguyen Trung Thanh	09878787	thanh@gmail.com
Vu Thanh Tung	646262	tung@gmail.com
Chu The Chuong	1231451	chuong@gmail.com
Le The Chinh	12314512	chinh@gmail.com
Nguyen Ngoc Lam	123458927	lam@gmail.com
Tran Minh Duc	19909898	duc@gmail.com
Ha Minh Duc	01235456	duc@gmail.com
